model_name,mut_type,R2,source,replicate
linear,GA,0.3138945894667643,linear_train,0
linear,CT,0.061567403278903754,linear_train,0
linear,TA,0.5137762165084365,linear_train,0
linear,TC,0.3808151735795011,linear_train,0
linear,CA,0.2639202847011425,linear_train,0
linear,CG,0.09264382513467817,linear_train,0
linear,TG,0.6294448687577129,linear_train,0
linear,AG,0.3022556155373799,linear_train,0
linear,AC,0.5386088832706868,linear_train,0
linear,AT,0.3860414796108539,linear_train,0
linear,GT,0.02293304329572754,linear_train,0
linear,GC,0.1037821475825278,linear_train,0
linear,TG,0.5345401936037021,linear_test,0
linear,TA,0.5220019869928524,linear_test,0
linear,TC,0.2975260268190495,linear_test,0
linear,CT,0.048916005742152935,linear_test,0
linear,GC,-0.0106849073901496,linear_test,0
linear,CG,0.11423300304034745,linear_test,0
linear,AC,0.5066847246986894,linear_test,0
linear,AT,0.37484213293648805,linear_test,0
linear,GA,0.32120010819045997,linear_test,0
linear,AG,0.3187418589486699,linear_test,0
linear,GT,0.017960489860179285,linear_test,0
linear,CA,0.17302538286675273,linear_test,0
linear,GA,0.29709681287165546,linear_train,1
linear,CT,0.06355576934424378,linear_train,1
linear,TG,0.6241847669140241,linear_train,1
linear,CG,0.11194417889758213,linear_train,1
linear,TA,0.5214433836737272,linear_train,1
linear,TC,0.3700057329179631,linear_train,1
linear,AG,0.3104841612143757,linear_train,1
linear,AT,0.40256894765928186,linear_train,1
linear,CA,0.23470087758413094,linear_train,1
linear,GC,0.09502770322913257,linear_train,1
linear,GT,0.026147278652937533,linear_train,1
linear,AC,0.5273186937287215,linear_train,1
linear,TA,0.49275939812620617,linear_test,1
linear,TC,0.33969145987271276,linear_test,1
linear,CA,0.2828645329946148,linear_test,1
linear,AC,0.5541918613970604,linear_test,1
linear,CG,0.03536141734775389,linear_test,1
linear,CT,0.05108375697420153,linear_test,1
linear,GA,0.3798363825598128,linear_test,1
linear,AT,0.2954688389254573,linear_test,1
linear,TG,0.5365195061819363,linear_test,1
linear,AG,0.2910831054533326,linear_test,1
linear,GT,0.01389641555435206,linear_test,1
linear,GC,0.05213008635160965,linear_test,1
linear,GA,0.32801896331380775,linear_train,2
linear,CT,0.05578160224208184,linear_train,2
linear,TA,0.5291560116480212,linear_train,2
linear,TC,0.36277088765596854,linear_train,2
linear,TG,0.6207247784971771,linear_train,2
linear,CA,0.2369285181809061,linear_train,2
linear,CG,0.09418314687750917,linear_train,2
linear,AG,0.31435864526182866,linear_train,2
linear,AC,0.542529228955067,linear_train,2
linear,GC,0.08635041000140187,linear_train,2
linear,GT,0.05483956690120695,linear_train,2
linear,AT,0.4020092326221686,linear_train,2
linear,TA,0.4630483616742437,linear_test,2
linear,CT,0.0868006752044328,linear_test,2
linear,AT,0.2921350839808914,linear_test,2
linear,CG,0.105677023367716,linear_test,2
linear,TC,0.3650405840253752,linear_test,2
linear,AC,0.4928419633559139,linear_test,2
linear,AG,0.28244938238199613,linear_test,2
linear,GA,0.27086696282729594,linear_test,2
linear,CA,0.30852538331343615,linear_test,2
linear,TG,0.5639859421603499,linear_test,2
linear,GC,0.07368393640211868,linear_test,2
linear,GT,-0.08676231804158996,linear_test,2
linear,GA,0.29826067654112154,linear_train,3
linear,CT,0.05679518928340355,linear_train,3
linear,TA,0.5287181821531395,linear_train,3
linear,TG,0.6160625334897442,linear_train,3
linear,CA,0.2308330768805359,linear_train,3
linear,TC,0.35433640592809446,linear_train,3
linear,AG,0.3008028654111118,linear_train,3
linear,AC,0.539685941324523,linear_train,3
linear,CG,0.11206505263014432,linear_train,3
linear,GC,0.08734372956356362,linear_train,3
linear,GT,0.049980225523231114,linear_train,3
linear,AT,0.3690924419969247,linear_train,3
linear,TC,0.3994596497540919,linear_test,3
linear,CG,0.03317162928538886,linear_test,3
linear,CT,0.06464056329512136,linear_test,3
linear,AT,0.44541627024052743,linear_test,3
linear,TG,0.5793154846725812,linear_test,3
linear,TA,0.46651042730892023,linear_test,3
linear,GA,0.3816984409419888,linear_test,3
linear,CA,0.3286847900196097,linear_test,3
linear,AC,0.5052048284483519,linear_test,3
linear,AG,0.32657845207004255,linear_test,3
linear,GC,0.06064657480765012,linear_test,3
linear,GT,-0.07830279340126944,linear_test,3
linear,CT,0.06349713944836499,linear_train,4
linear,TA,0.5172923418496463,linear_train,4
linear,TC,0.3623951627009093,linear_train,4
linear,TG,0.6166137412163356,linear_train,4
linear,CA,0.235759580278052,linear_train,4
linear,CG,0.10761670699453196,linear_train,4
linear,GA,0.3212362292448018,linear_train,4
linear,AG,0.31056327538367234,linear_train,4
linear,AT,0.3710107338375195,linear_train,4
linear,GC,0.13132438537884417,linear_train,4
linear,AC,0.5288245799368045,linear_train,4
linear,GT,0.05305128303161222,linear_train,4
linear,GA,0.28219689980747054,linear_test,4
linear,TA,0.5069064383733909,linear_test,4
linear,AC,0.5492215589129078,linear_test,4
linear,CA,0.31781320553263637,linear_test,4
linear,TC,0.3672923976013125,linear_test,4
linear,CG,0.05874567465086644,linear_test,4
linear,GT,-0.11644750841445228,linear_test,4
linear,AT,0.43358871821418365,linear_test,4
linear,CT,0.051275653284161726,linear_test,4
linear,TG,0.5805997036967608,linear_test,4
linear,AG,0.2871687594520699,linear_test,4
linear,GC,-0.34750912412823043,linear_test,4
linear,GA,0.3261902548398087,linear_train,5
linear,CT,0.05621989068165778,linear_train,5
linear,TC,0.37750358794619476,linear_train,5
linear,CA,0.23644505322683707,linear_train,5
linear,TA,0.5090687073485094,linear_train,5
linear,TG,0.6026521326442642,linear_train,5
linear,AC,0.5231693366316073,linear_train,5
linear,AG,0.31839748949965163,linear_train,5
linear,AT,0.4003213942700906,linear_train,5
linear,CG,0.10167703650460858,linear_train,5
linear,GC,0.0991057702982131,linear_train,5
linear,GT,0.03141077796608749,linear_train,5
linear,TA,0.5457850621259427,linear_test,5
linear,TG,0.6376309264665919,linear_test,5
linear,CG,0.02772805542776391,linear_test,5
linear,TC,0.30322627421964055,linear_test,5
linear,CT,0.08159051995086652,linear_test,5
linear,AG,0.2629338379266484,linear_test,5
linear,AC,0.5764026530367552,linear_test,5
linear,GA,0.25956420931201296,linear_test,5
linear,CA,0.31453385826242863,linear_test,5
linear,AT,0.2942810824130324,linear_test,5
linear,GC,0.004005514438957469,linear_test,5
linear,GT,-0.03295475491903366,linear_test,5
linear,GA,0.35209556989316837,linear_train,6
linear,CT,0.06191978558952749,linear_train,6
linear,TC,0.3728310265903051,linear_train,6
linear,CA,0.273769872594091,linear_train,6
linear,CG,0.11774346625493337,linear_train,6
linear,TA,0.5051056153028413,linear_train,6
linear,TG,0.6045890962762948,linear_train,6
linear,AG,0.31495789991920664,linear_train,6
linear,AT,0.39918817519878613,linear_train,6
linear,GC,0.0875118029293499,linear_train,6
linear,GT,0.029833257644975242,linear_train,6
linear,AC,0.5343237551916138,linear_train,6
linear,TA,0.5565188325782908,linear_test,6
linear,TG,0.6256450539947978,linear_test,6
linear,TC,0.3268488955037371,linear_test,6
linear,AC,0.5240627552348123,linear_test,6
linear,CG,0.0059175425797223236,linear_test,6
linear,AT,0.3133956774959161,linear_test,6
linear,CA,0.17128321877303554,linear_test,6
linear,GA,0.21242142081708815,linear_test,6
linear,AG,0.27714805788394925,linear_test,6
linear,CT,0.05430437298784985,linear_test,6
linear,GC,0.07893550456285925,linear_test,6
linear,GT,0.027905664687459253,linear_test,6
linear,GA,0.3112878615260588,linear_train,7
linear,CT,0.059417120266839096,linear_train,7
linear,TA,0.5072535826252493,linear_train,7
linear,TC,0.3636633061422556,linear_train,7
linear,TG,0.6143141198367978,linear_train,7
linear,CA,0.273038032850501,linear_train,7
linear,CG,0.10766368159531059,linear_train,7
linear,AG,0.31332284676253863,linear_train,7
linear,AC,0.5237064829221467,linear_train,7
linear,AT,0.38290441197053404,linear_train,7
linear,GC,0.09672377577793068,linear_train,7
linear,GT,0.0454619714834118,linear_train,7
linear,CT,0.06757017978611435,linear_test,7
linear,TC,0.3576871157032271,linear_test,7
linear,AG,0.27957576273339546,linear_test,7
linear,GA,0.33437121895164135,linear_test,7
linear,TG,0.5855623547725034,linear_test,7
linear,GT,-0.15608322070760017,linear_test,7
linear,CG,0.05447404039674153,linear_test,7
linear,CA,0.18161554901546828,linear_test,7
linear,AT,0.38774172468291523,linear_test,7
linear,TA,0.548839751203628,linear_test,7
linear,GC,-0.007775911680567127,linear_test,7
linear,AC,0.5630967301806701,linear_test,7
linear,GA,0.33418872852970605,linear_train,8
linear,CT,0.058435329411467785,linear_train,8
linear,TA,0.5179502553677992,linear_train,8
linear,TC,0.35610129438627014,linear_train,8
linear,CA,0.2825288871814038,linear_train,8
linear,CG,0.08934546915457031,linear_train,8
linear,TG,0.6001321204731336,linear_train,8
linear,AG,0.30431779959980454,linear_train,8
linear,GC,0.0759602592737032,linear_train,8
linear,AT,0.3903751747248212,linear_train,8
linear,AC,0.5262865309774204,linear_train,8
linear,GT,0.027767012481440978,linear_train,8
linear,TG,0.6427127851068442,linear_test,8
linear,TC,0.3899860964655889,linear_test,8
linear,TA,0.5080605500381853,linear_test,8
linear,AC,0.5600597949809372,linear_test,8
linear,AT,0.3624532707105256,linear_test,8
linear,CT,0.07038424064027893,linear_test,8
linear,AG,0.3174633512049929,linear_test,8
linear,GA,0.2156975847995406,linear_test,8
linear,GT,0.01848467481476146,linear_test,8
linear,CA,0.11771474885507904,linear_test,8
linear,CG,0.12572104268688733,linear_test,8
linear,GC,0.10664531359985907,linear_test,8
linear,CT,0.055667076954803885,linear_train,9
linear,TA,0.5152128138058875,linear_train,9
linear,TG,0.6055500604185375,linear_train,9
linear,CG,0.11283777806575945,linear_train,9
linear,TC,0.3772363417838883,linear_train,9
linear,AG,0.31119814166175264,linear_train,9
linear,AT,0.39886676348216543,linear_train,9
linear,CA,0.2870784558741747,linear_train,9
linear,GA,0.29309116794039913,linear_train,9
linear,GC,0.06940332436288443,linear_train,9
linear,GT,0.050121654174230756,linear_train,9
linear,AC,0.5355709892152138,linear_train,9
linear,GA,0.4254448867596128,linear_test,9
linear,TC,0.3071697902624806,linear_test,9
linear,CA,0.10335461893229558,linear_test,9
linear,TG,0.6245712718115013,linear_test,9
linear,AC,0.5243280117441413,linear_test,9
linear,CT,0.08098814870486326,linear_test,9
linear,AT,0.3074657334771894,linear_test,9
linear,AG,0.2908793927799217,linear_test,9
linear,TA,0.5187875926075002,linear_test,9
linear,CG,-0.009926691549682953,linear_test,9
linear,GT,-0.32082621759780805,linear_test,9
linear,GC,0.07511879924092202,linear_test,9
linear+ls,GA,0.3138945894667643,linear_train,0
linear+ls,CT,0.1164917074809163,linear_train,0
linear+ls,TA,0.5137762165084365,linear_train,0
linear+ls,TC,0.3808151735795011,linear_train,0
linear+ls,CA,0.2639202847011425,linear_train,0
linear+ls,CG,0.1847496656115749,linear_train,0
linear+ls,TG,0.6294448687577129,linear_train,0
linear+ls,AG,0.3022556155373799,linear_train,0
linear+ls,AC,0.5386088832706868,linear_train,0
linear+ls,AT,0.5362604123442231,linear_train,0
linear+ls,GT,0.02293304329572754,linear_train,0
linear+ls,GC,0.18752769557771354,linear_train,0
linear+ls,TG,0.5345401936037021,linear_test,0
linear+ls,TA,0.5220019869928524,linear_test,0
linear+ls,TC,0.2975260268190495,linear_test,0
linear+ls,CT,0.13300543020800282,linear_test,0
linear+ls,GC,0.02768564806134366,linear_test,0
linear+ls,CG,0.24777148773708924,linear_test,0
linear+ls,AC,0.5066847246986894,linear_test,0
linear+ls,AT,0.5671554970673345,linear_test,0
linear+ls,GA,0.32120010819045997,linear_test,0
linear+ls,AG,0.3187418589486699,linear_test,0
linear+ls,GT,0.017960489860179285,linear_test,0
linear+ls,CA,0.17302538286675273,linear_test,0
linear+ls,GA,0.29709681287165546,linear_train,1
linear+ls,CT,0.11956133671951197,linear_train,1
linear+ls,TG,0.6241847669140241,linear_train,1
linear+ls,CG,0.18889737513020355,linear_train,1
linear+ls,TA,0.5214433836737272,linear_train,1
linear+ls,TC,0.3700057329179631,linear_train,1
linear+ls,AG,0.3104841612143757,linear_train,1
linear+ls,AT,0.5625302371520231,linear_train,1
linear+ls,CA,0.23470087758413094,linear_train,1
linear+ls,GC,0.1718685719098968,linear_train,1
linear+ls,GT,0.026147278652937533,linear_train,1
linear+ls,AC,0.5273186937287215,linear_train,1
linear+ls,TA,0.49275939812620617,linear_test,1
linear+ls,TC,0.33969145987271276,linear_test,1
linear+ls,CA,0.2828645329946148,linear_test,1
linear+ls,AC,0.5541918613970604,linear_test,1
linear+ls,CG,0.23739352722030016,linear_test,1
linear+ls,CT,0.12847477324745704,linear_test,1
linear+ls,GA,0.3798363825598128,linear_test,1
linear+ls,AT,0.4519209730765228,linear_test,1
linear+ls,TG,0.5365195061819363,linear_test,1
linear+ls,AG,0.2910831054533326,linear_test,1
linear+ls,GT,0.01389641555435206,linear_test,1
linear+ls,GC,0.13335273119559532,linear_test,1
linear+ls,GA,0.32801896331380775,linear_train,2
linear+ls,CT,0.122673946287439,linear_train,2
linear+ls,TA,0.5291560116480212,linear_train,2
linear+ls,TC,0.36277088765596854,linear_train,2
linear+ls,TG,0.6207247784971771,linear_train,2
linear+ls,CA,0.2369285181809061,linear_train,2
linear+ls,CG,0.181883265125668,linear_train,2
linear+ls,AG,0.31435864526182866,linear_train,2
linear+ls,AC,0.542529228955067,linear_train,2
linear+ls,GC,0.15213624722282715,linear_train,2
linear+ls,GT,0.05483956690120695,linear_train,2
linear+ls,AT,0.558708072290244,linear_train,2
linear+ls,TA,0.4630483616742437,linear_test,2
linear+ls,CT,0.11653188784585777,linear_test,2
linear+ls,AT,0.467108877964746,linear_test,2
linear+ls,CG,0.2603265141402362,linear_test,2
linear+ls,TC,0.3650405840253752,linear_test,2
linear+ls,AC,0.4928419633559139,linear_test,2
linear+ls,AG,0.28244938238199613,linear_test,2
linear+ls,GA,0.27086696282729594,linear_test,2
linear+ls,CA,0.30852538331343615,linear_test,2
linear+ls,TG,0.5639859421603499,linear_test,2
linear+ls,GC,0.2116890429355004,linear_test,2
linear+ls,GT,-0.08676231804158996,linear_test,2
linear+ls,GA,0.29826067654112154,linear_train,3
linear+ls,CT,0.12349932039348055,linear_train,3
linear+ls,TA,0.5287181821531395,linear_train,3
linear+ls,TG,0.6160625334897442,linear_train,3
linear+ls,CA,0.2308330768805359,linear_train,3
linear+ls,TC,0.35433640592809446,linear_train,3
linear+ls,AG,0.3008028654111118,linear_train,3
linear+ls,AC,0.539685941324523,linear_train,3
linear+ls,CG,0.19998709352731625,linear_train,3
linear+ls,GC,0.14280460139377515,linear_train,3
linear+ls,GT,0.049980225523231114,linear_train,3
linear+ls,AT,0.5371994294607825,linear_train,3
linear+ls,TC,0.3994596497540919,linear_test,3
linear+ls,CG,0.17452420785726386,linear_test,3
linear+ls,CT,0.10164028833838834,linear_test,3
linear+ls,AT,0.5688731317617012,linear_test,3
linear+ls,TG,0.5793154846725812,linear_test,3
linear+ls,TA,0.46651042730892023,linear_test,3
linear+ls,GA,0.3816984409419888,linear_test,3
linear+ls,CA,0.3286847900196097,linear_test,3
linear+ls,AC,0.5052048284483519,linear_test,3
linear+ls,AG,0.32657845207004255,linear_test,3
linear+ls,GC,0.25389888049101206,linear_test,3
linear+ls,GT,-0.07830279340126944,linear_test,3
linear+ls,CT,0.11665865585509583,linear_train,4
linear+ls,TA,0.5172923418496463,linear_train,4
linear+ls,TC,0.3623951627009093,linear_train,4
linear+ls,TG,0.6166137412163356,linear_train,4
linear+ls,CA,0.235759580278052,linear_train,4
linear+ls,CG,0.21494376579236052,linear_train,4
linear+ls,GA,0.3212362292448018,linear_train,4
linear+ls,AG,0.31056327538367234,linear_train,4
linear+ls,AT,0.5340298420665202,linear_train,4
linear+ls,GC,0.2589649364072558,linear_train,4
linear+ls,AC,0.5288245799368045,linear_train,4
linear+ls,GT,0.05305128303161222,linear_train,4
linear+ls,GA,0.28219689980747054,linear_test,4
linear+ls,TA,0.5069064383733909,linear_test,4
linear+ls,AC,0.5492215589129078,linear_test,4
linear+ls,CA,0.31781320553263637,linear_test,4
linear+ls,TC,0.3672923976013125,linear_test,4
linear+ls,CG,0.11423200540247513,linear_test,4
linear+ls,GT,-0.11644750841445228,linear_test,4
linear+ls,AT,0.5776725796679556,linear_test,4
linear+ls,CT,0.13724852178306157,linear_test,4
linear+ls,TG,0.5805997036967608,linear_test,4
linear+ls,AG,0.2871687594520699,linear_test,4
linear+ls,GC,-0.6339741712108975,linear_test,4
linear+ls,GA,0.3261902548398087,linear_train,5
linear+ls,CT,0.12172771164192042,linear_train,5
linear+ls,TC,0.37750358794619476,linear_train,5
linear+ls,CA,0.23644505322683707,linear_train,5
linear+ls,TA,0.5090687073485094,linear_train,5
linear+ls,TG,0.6026521326442642,linear_train,5
linear+ls,AC,0.5231693366316073,linear_train,5
linear+ls,AG,0.31839748949965163,linear_train,5
linear+ls,AT,0.5512766529710189,linear_train,5
linear+ls,CG,0.1860903408792216,linear_train,5
linear+ls,GC,0.18263690582695258,linear_train,5
linear+ls,GT,0.03141077796608749,linear_train,5
linear+ls,TA,0.5457850621259427,linear_test,5
linear+ls,TG,0.6376309264665919,linear_test,5
linear+ls,CG,0.2245259017393414,linear_test,5
linear+ls,TC,0.30322627421964055,linear_test,5
linear+ls,CT,0.12028649973943617,linear_test,5
linear+ls,AG,0.2629338379266484,linear_test,5
linear+ls,AC,0.5764026530367552,linear_test,5
linear+ls,GA,0.25956420931201296,linear_test,5
linear+ls,CA,0.31453385826242863,linear_test,5
linear+ls,AT,0.5004721394670939,linear_test,5
linear+ls,GC,0.06163602315576944,linear_test,5
linear+ls,GT,-0.03295475491903366,linear_test,5
linear+ls,GA,0.35209556989316837,linear_train,6
linear+ls,CT,0.1230333320585042,linear_train,6
linear+ls,TC,0.3728310265903051,linear_train,6
linear+ls,CA,0.273769872594091,linear_train,6
linear+ls,CG,0.1908079368358877,linear_train,6
linear+ls,TA,0.5051056153028413,linear_train,6
linear+ls,TG,0.6045890962762948,linear_train,6
linear+ls,AG,0.31495789991920664,linear_train,6
linear+ls,AT,0.5476046139903699,linear_train,6
linear+ls,GC,0.16257641200783246,linear_train,6
linear+ls,GT,0.029833257644975242,linear_train,6
linear+ls,AC,0.5343237551916138,linear_train,6
linear+ls,TA,0.5565188325782908,linear_test,6
linear+ls,TG,0.6256450539947978,linear_test,6
linear+ls,TC,0.3268488955037371,linear_test,6
linear+ls,AC,0.5240627552348123,linear_test,6
linear+ls,CG,0.191952368008383,linear_test,6
linear+ls,AT,0.5184118414975891,linear_test,6
linear+ls,CA,0.17128321877303554,linear_test,6
linear+ls,GA,0.21242142081708815,linear_test,6
linear+ls,AG,0.27714805788394925,linear_test,6
linear+ls,CT,0.1136526976183978,linear_test,6
linear+ls,GC,0.1637756871992022,linear_test,6
linear+ls,GT,0.027905664687459253,linear_test,6
linear+ls,GA,0.3112878615260588,linear_train,7
linear+ls,CT,0.11704334659082838,linear_train,7
linear+ls,TA,0.5072535826252493,linear_train,7
linear+ls,TC,0.3636633061422556,linear_train,7
linear+ls,TG,0.6143141198367978,linear_train,7
linear+ls,CA,0.273038032850501,linear_train,7
linear+ls,CG,0.19927877024534857,linear_train,7
linear+ls,AG,0.31332284676253863,linear_train,7
linear+ls,AC,0.5237064829221467,linear_train,7
linear+ls,AT,0.5507153170838792,linear_train,7
linear+ls,GC,0.19129975437817737,linear_train,7
linear+ls,GT,0.0454619714834118,linear_train,7
linear+ls,CT,0.13974900197583895,linear_test,7
linear+ls,TC,0.3576871157032271,linear_test,7
linear+ls,AG,0.27957576273339546,linear_test,7
linear+ls,GA,0.33437121895164135,linear_test,7
linear+ls,TG,0.5855623547725034,linear_test,7
linear+ls,GT,-0.15608322070760017,linear_test,7
linear+ls,CG,0.19473925286281302,linear_test,7
linear+ls,CA,0.18161554901546828,linear_test,7
linear+ls,AT,0.5134590828132288,linear_test,7
linear+ls,TA,0.548839751203628,linear_test,7
linear+ls,GC,-0.02025417224867554,linear_test,7
linear+ls,AC,0.5630967301806701,linear_test,7
linear+ls,GA,0.33418872852970605,linear_train,8
linear+ls,CT,0.11782759711844959,linear_train,8
linear+ls,TA,0.5179502553677992,linear_train,8
linear+ls,TC,0.35610129438627014,linear_train,8
linear+ls,CA,0.2825288871814038,linear_train,8
linear+ls,CG,0.17812800189436773,linear_train,8
linear+ls,TG,0.6001321204731336,linear_train,8
linear+ls,AG,0.30431779959980454,linear_train,8
linear+ls,GC,0.1815493500794212,linear_train,8
linear+ls,AT,0.5402698235148837,linear_train,8
linear+ls,AC,0.5262865309774204,linear_train,8
linear+ls,GT,0.027767012481440978,linear_train,8
linear+ls,TG,0.6427127851068442,linear_test,8
linear+ls,TC,0.3899860964655889,linear_test,8
linear+ls,TA,0.5080605500381853,linear_test,8
linear+ls,AC,0.5600597949809372,linear_test,8
linear+ls,AT,0.5557547591295103,linear_test,8
linear+ls,CT,0.1367519458857771,linear_test,8
linear+ls,AG,0.3174633512049929,linear_test,8
linear+ls,GA,0.2156975847995406,linear_test,8
linear+ls,GT,0.01848467481476146,linear_test,8
linear+ls,CA,0.11771474885507904,linear_test,8
linear+ls,CG,0.2613752492440101,linear_test,8
linear+ls,GC,0.018169350788852512,linear_test,8
linear+ls,CT,0.1172603315567673,linear_train,9
linear+ls,TA,0.5152128138058875,linear_train,9
linear+ls,TG,0.6055500604185375,linear_train,9
linear+ls,CG,0.22321837801995525,linear_train,9
linear+ls,TC,0.3772363417838883,linear_train,9
linear+ls,AG,0.31119814166175264,linear_train,9
linear+ls,AT,0.558927234702899,linear_train,9
linear+ls,CA,0.2870784558741747,linear_train,9
linear+ls,GA,0.29309116794039913,linear_train,9
linear+ls,GC,0.11697841772053763,linear_train,9
linear+ls,GT,0.050121654174230756,linear_train,9
linear+ls,AC,0.5355709892152138,linear_train,9
linear+ls,GA,0.4254448867596128,linear_test,9
linear+ls,TC,0.3071697902624806,linear_test,9
linear+ls,CA,0.10335461893229558,linear_test,9
linear+ls,TG,0.6245712718115013,linear_test,9
linear+ls,AC,0.5243280117441413,linear_test,9
linear+ls,CT,0.1381916437024282,linear_test,9
linear+ls,AT,0.46470319633930735,linear_test,9
linear+ls,AG,0.2908793927799217,linear_test,9
linear+ls,TA,0.5187875926075002,linear_test,9
linear+ls,CG,0.00836279957908781,linear_test,9
linear+ls,GT,-0.32082621759780805,linear_test,9
linear+ls,GC,0.23417298762228433,linear_test,9
linear+rna,GA,0.3157658908653761,linear_train,0
linear+rna,CT,0.37831458664159956,linear_train,0
linear+rna,TA,0.5148551369513783,linear_train,0
linear+rna,TC,0.395912854549509,linear_train,0
linear+rna,CA,0.30690443144386004,linear_train,0
linear+rna,CG,0.1726097504294848,linear_train,0
linear+rna,TG,0.6298532498661398,linear_train,0
linear+rna,AG,0.3031292283261796,linear_train,0
linear+rna,AC,0.5454929218139604,linear_train,0
linear+rna,AT,0.4027805009014155,linear_train,0
linear+rna,GT,0.15908991053734967,linear_train,0
linear+rna,GC,0.2180827878237609,linear_train,0
linear+rna,TG,0.5352198955195553,linear_test,0
linear+rna,TA,0.5274455656960961,linear_test,0
linear+rna,TC,0.3068276898916199,linear_test,0
linear+rna,CT,0.42579711313130053,linear_test,0
linear+rna,GC,0.06373507943354473,linear_test,0
linear+rna,CG,0.15059064470270167,linear_test,0
linear+rna,AC,0.5056023406720149,linear_test,0
linear+rna,AT,0.4001871674574019,linear_test,0
linear+rna,GA,0.3199209013049157,linear_test,0
linear+rna,AG,0.323349868563637,linear_test,0
linear+rna,GT,0.04981169622816273,linear_test,0
linear+rna,CA,0.17991515441226524,linear_test,0
linear+rna,GA,0.2981801558260486,linear_train,1
linear+rna,CT,0.4040164819707477,linear_train,1
linear+rna,TG,0.6246637238904005,linear_train,1
linear+rna,CG,0.1845512135074564,linear_train,1
linear+rna,TA,0.5235256864824716,linear_train,1
linear+rna,TC,0.38431488259571533,linear_train,1
linear+rna,AG,0.31329764171978325,linear_train,1
linear+rna,AT,0.4209310083268155,linear_train,1
linear+rna,CA,0.28219008042337557,linear_train,1
linear+rna,GC,0.2046121529761904,linear_train,1
linear+rna,GT,0.11086872729112307,linear_train,1
linear+rna,AC,0.5347145384804446,linear_train,1
linear+rna,TA,0.49511023999648707,linear_test,1
linear+rna,TC,0.3519435793540895,linear_test,1
linear+rna,CA,0.27898198312859246,linear_test,1
linear+rna,AC,0.5523492748554033,linear_test,1
linear+rna,CG,0.11215947652528868,linear_test,1
linear+rna,CT,0.33216693223826876,linear_test,1
linear+rna,GA,0.3827421233249084,linear_test,1
linear+rna,AT,0.31414292758132256,linear_test,1
linear+rna,TG,0.5370207868626471,linear_test,1
linear+rna,AG,0.28857459159219345,linear_test,1
linear+rna,GT,0.24484440990898038,linear_test,1
linear+rna,GC,0.16208541827537626,linear_test,1
linear+rna,GA,0.3298924019062881,linear_train,2
linear+rna,CT,0.3883386211610722,linear_train,2
linear+rna,TA,0.53048491084075,linear_train,2
linear+rna,TC,0.3753264952886052,linear_train,2
linear+rna,TG,0.6210991404045173,linear_train,2
linear+rna,CA,0.2744329861052651,linear_train,2
linear+rna,CG,0.1783651489888799,linear_train,2
linear+rna,AG,0.31541831897657213,linear_train,2
linear+rna,AC,0.5489932149743351,linear_train,2
linear+rna,GC,0.18140764117768204,linear_train,2
linear+rna,GT,0.17991728776840565,linear_train,2
linear+rna,AT,0.42644920584511226,linear_train,2
linear+rna,TA,0.4677717803678132,linear_test,2
linear+rna,CT,0.3890673148199495,linear_test,2
linear+rna,AT,0.28251062960098394,linear_test,2
linear+rna,CG,0.12871270806271828,linear_test,2
linear+rna,TC,0.3832218607689589,linear_test,2
linear+rna,AC,0.4940802440328518,linear_test,2
linear+rna,AG,0.2860810635746288,linear_test,2
linear+rna,GA,0.27012064388107915,linear_test,2
linear+rna,CA,0.342234396162163,linear_test,2
linear+rna,TG,0.5648298545735349,linear_test,2
linear+rna,GC,0.25411260670525626,linear_test,2
linear+rna,GT,-0.024924279697626783,linear_test,2
linear+rna,GA,0.3008296671610101,linear_train,3
linear+rna,CT,0.3762083714735208,linear_train,3
linear+rna,TA,0.5306221802905796,linear_train,3
linear+rna,TG,0.6165211856805355,linear_train,3
linear+rna,CA,0.2684385942091907,linear_train,3
linear+rna,TC,0.36658384151815004,linear_train,3
linear+rna,AG,0.3026304687467053,linear_train,3
linear+rna,AC,0.5446355017302749,linear_train,3
linear+rna,CG,0.17952222841409227,linear_train,3
linear+rna,GC,0.2017242883515289,linear_train,3
linear+rna,GT,0.18131490326738864,linear_train,3
linear+rna,AT,0.3886410084590507,linear_train,3
linear+rna,TC,0.41968703468464275,linear_test,3
linear+rna,CG,0.1286386563740316,linear_test,3
linear+rna,CT,0.42802001049811,linear_test,3
linear+rna,AT,0.4592264455449997,linear_test,3
linear+rna,TG,0.5798306037361823,linear_test,3
linear+rna,TA,0.4694918487804416,linear_test,3
linear+rna,GA,0.37573737974290045,linear_test,3
linear+rna,CA,0.36206814372068585,linear_test,3
linear+rna,AC,0.5131525144203295,linear_test,3
linear+rna,AG,0.3282421187894473,linear_test,3
linear+rna,GC,0.1450115213401989,linear_test,3
linear+rna,GT,-0.04005898234747152,linear_test,3
linear+rna,CT,0.3979089706701868,linear_train,4
linear+rna,TA,0.5203376299257814,linear_train,4
linear+rna,TC,0.37668866014887725,linear_train,4
linear+rna,TG,0.6172909057444298,linear_train,4
linear+rna,CA,0.2786887108803866,linear_train,4
linear+rna,CG,0.18543686377121404,linear_train,4
linear+rna,GA,0.3217362016998321,linear_train,4
linear+rna,AG,0.3118614827723545,linear_train,4
linear+rna,AT,0.3902682467942943,linear_train,4
linear+rna,GC,0.21364400851031873,linear_train,4
linear+rna,AC,0.5344353519345474,linear_train,4
linear+rna,GT,0.14766154414190324,linear_train,4
linear+rna,GA,0.2861652589695116,linear_test,4
linear+rna,TA,0.5047702267598447,linear_test,4
linear+rna,AC,0.5543403143447403,linear_test,4
linear+rna,CA,0.32457974350767715,linear_test,4
linear+rna,TC,0.37935183657042026,linear_test,4
linear+rna,CG,0.11206934375398825,linear_test,4
linear+rna,GT,0.07719463763565804,linear_test,4
linear+rna,AT,0.44985591267332625,linear_test,4
linear+rna,CT,0.35352214131274295,linear_test,4
linear+rna,TG,0.5802287032947462,linear_test,4
linear+rna,AG,0.29090742435000916,linear_test,4
linear+rna,GC,-0.04783358886949807,linear_test,4
linear+rna,GA,0.3263484270730236,linear_train,5
linear+rna,CT,0.4023519354085847,linear_train,5
linear+rna,TC,0.387785897157796,linear_train,5
linear+rna,CA,0.26294491649683793,linear_train,5
linear+rna,TA,0.5118059130056244,linear_train,5
linear+rna,TG,0.6031807948074583,linear_train,5
linear+rna,AC,0.5288887130147679,linear_train,5
linear+rna,AG,0.32015382234836764,linear_train,5
linear+rna,AT,0.41694857455021817,linear_train,5
linear+rna,CG,0.1923122502518504,linear_train,5
linear+rna,GC,0.1780304754466473,linear_train,5
linear+rna,GT,0.16380565196792884,linear_train,5
linear+rna,TA,0.5448371456460372,linear_test,5
linear+rna,TG,0.6377982719855062,linear_test,5
linear+rna,CG,-0.0013945992467301327,linear_test,5
linear+rna,TC,0.3308830597116885,linear_test,5
linear+rna,CT,0.31879680867389726,linear_test,5
linear+rna,AG,0.2647570650758424,linear_test,5
linear+rna,AC,0.5808589201165834,linear_test,5
linear+rna,GA,0.262857539545474,linear_test,5
linear+rna,CA,0.3871825708688915,linear_test,5
linear+rna,AT,0.32455350239714476,linear_test,5
linear+rna,GC,0.22017431382415031,linear_test,5
linear+rna,GT,-0.020152560472701975,linear_test,5
linear+rna,GA,0.3556313928658912,linear_train,6
linear+rna,CT,0.4049139345799304,linear_train,6
linear+rna,TC,0.38808014682135983,linear_train,6
linear+rna,CA,0.31123529585470444,linear_train,6
linear+rna,CG,0.1823559630237518,linear_train,6
linear+rna,TA,0.5078229357887862,linear_train,6
linear+rna,TG,0.6053925757318492,linear_train,6
linear+rna,AG,0.3170096795942403,linear_train,6
linear+rna,AT,0.41586577488855225,linear_train,6
linear+rna,GC,0.2265029550910832,linear_train,6
linear+rna,GT,0.1600355067431457,linear_train,6
linear+rna,AC,0.5412800561087108,linear_train,6
linear+rna,TA,0.5560364450251001,linear_test,6
linear+rna,TG,0.6246417918283924,linear_test,6
linear+rna,TC,0.3359416562279436,linear_test,6
linear+rna,AC,0.52388861819334,linear_test,6
linear+rna,CG,0.11701644512975573,linear_test,6
linear+rna,AT,0.3404273950573018,linear_test,6
linear+rna,CA,0.2057434946590534,linear_test,6
linear+rna,GA,0.20655068886906802,linear_test,6
linear+rna,AG,0.2778998302937318,linear_test,6
linear+rna,CT,0.32226106698938506,linear_test,6
linear+rna,GC,0.06155857761506467,linear_test,6
linear+rna,GT,0.06091244013085506,linear_test,6
linear+rna,GA,0.3130502536828246,linear_train,7
linear+rna,CT,0.39192372089843597,linear_train,7
linear+rna,TA,0.5090774303181729,linear_train,7
linear+rna,TC,0.3773663674546691,linear_train,7
linear+rna,TG,0.6147754831056249,linear_train,7
linear+rna,CA,0.3099540415390588,linear_train,7
linear+rna,CG,0.1817454697387133,linear_train,7
linear+rna,AG,0.31450803578415465,linear_train,7
linear+rna,AC,0.5318085835347599,linear_train,7
linear+rna,AT,0.40698695192445233,linear_train,7
linear+rna,GC,0.19776972031069673,linear_train,7
linear+rna,GT,0.15375133030957788,linear_train,7
linear+rna,CT,0.37437149737951736,linear_test,7
linear+rna,TC,0.37203214933296247,linear_test,7
linear+rna,AG,0.2835023845996697,linear_test,7
linear+rna,GA,0.33324729689229504,linear_test,7
linear+rna,TG,0.586114116980452,linear_test,7
linear+rna,GT,0.01314444098296419,linear_test,7
linear+rna,CG,0.1279209680102793,linear_test,7
linear+rna,CA,0.21918457751879172,linear_test,7
linear+rna,AT,0.3820209475338576,linear_test,7
linear+rna,TA,0.5519383201059157,linear_test,7
linear+rna,GC,0.14058082223954094,linear_test,7
linear+rna,AC,0.5578213099698983,linear_test,7
linear+rna,GA,0.3343966699988198,linear_train,8
linear+rna,CT,0.37528170281000284,linear_train,8
linear+rna,TA,0.5195079023329244,linear_train,8
linear+rna,TC,0.36794114293903535,linear_train,8
linear+rna,CA,0.3282192867816002,linear_train,8
linear+rna,CG,0.1474580079291794,linear_train,8
linear+rna,TG,0.6007349936041497,linear_train,8
linear+rna,AG,0.3052808317080581,linear_train,8
linear+rna,GC,0.1810738279370624,linear_train,8
linear+rna,AT,0.40687842295528276,linear_train,8
linear+rna,AC,0.5322108177264175,linear_train,8
linear+rna,GT,0.14223942442514892,linear_train,8
linear+rna,TG,0.6426583440952613,linear_test,8
linear+rna,TC,0.4111897872143834,linear_test,8
linear+rna,TA,0.5121321015481941,linear_test,8
linear+rna,AC,0.5638777022608377,linear_test,8
linear+rna,AT,0.388640367712341,linear_test,8
linear+rna,CT,0.44330536826869815,linear_test,8
linear+rna,AG,0.3223511704565233,linear_test,8
linear+rna,GA,0.21969784038807127,linear_test,8
linear+rna,GT,0.11656305815137757,linear_test,8
linear+rna,CA,0.12178603286148182,linear_test,8
linear+rna,CG,0.25680051244341207,linear_test,8
linear+rna,GC,0.23382245615478903,linear_test,8
linear+rna,CT,0.3818886847976696,linear_train,9
linear+rna,TA,0.5175041326696743,linear_train,9
linear+rna,TG,0.6057563796425713,linear_train,9
linear+rna,CG,0.17905371319932872,linear_train,9
linear+rna,TC,0.39184572987772903,linear_train,9
linear+rna,AG,0.31380602338368313,linear_train,9
linear+rna,AT,0.414822136308746,linear_train,9
linear+rna,CA,0.32904131986122565,linear_train,9
linear+rna,GA,0.29432896562258826,linear_train,9
linear+rna,GC,0.19032965549653136,linear_train,9
linear+rna,GT,0.1785856424949286,linear_train,9
linear+rna,AC,0.5406183878194086,linear_train,9
linear+rna,GA,0.42751503465262464,linear_test,9
linear+rna,TC,0.31844067144310617,linear_test,9
linear+rna,CA,0.11398258223532576,linear_test,9
linear+rna,TG,0.6259699783133359,linear_test,9
linear+rna,AC,0.5317681819757603,linear_test,9
linear+rna,CT,0.4164439774383032,linear_test,9
linear+rna,AT,0.33756653496080136,linear_test,9
linear+rna,AG,0.2893356260661736,linear_test,9
linear+rna,TA,0.5202493576672305,linear_test,9
linear+rna,CG,0.106819901730131,linear_test,9
linear+rna,GT,-0.27273821293596967,linear_test,9
linear+rna,GC,0.16554660373465235,linear_test,9
linear+ls+rna,GA,0.3157658908653761,linear_train,0
linear+ls+rna,CT,0.4300112010751618,linear_train,0
linear+ls+rna,TA,0.5148551369513783,linear_train,0
linear+ls+rna,TC,0.395912854549509,linear_train,0
linear+ls+rna,CA,0.30690443144386004,linear_train,0
linear+ls+rna,CG,0.27498916610762525,linear_train,0
linear+ls+rna,TG,0.6298532498661398,linear_train,0
linear+ls+rna,AG,0.3031292283261796,linear_train,0
linear+ls+rna,AC,0.5454929218139604,linear_train,0
linear+ls+rna,AT,0.5484743347883316,linear_train,0
linear+ls+rna,GT,0.15908991053734967,linear_train,0
linear+ls+rna,GC,0.3201861267484921,linear_train,0
linear+ls+rna,TG,0.5352198955195553,linear_test,0
linear+ls+rna,TA,0.5274455656960961,linear_test,0
linear+ls+rna,TC,0.3068276898916199,linear_test,0
linear+ls+rna,CT,0.4898005362529233,linear_test,0
linear+ls+rna,GC,0.14026086073238464,linear_test,0
linear+ls+rna,CG,0.3396039243161947,linear_test,0
linear+ls+rna,AC,0.5056023406720149,linear_test,0
linear+ls+rna,AT,0.5891372043270089,linear_test,0
linear+ls+rna,GA,0.3199209013049157,linear_test,0
linear+ls+rna,AG,0.323349868563637,linear_test,0
linear+ls+rna,GT,0.04981169622816273,linear_test,0
linear+ls+rna,CA,0.17991515441226524,linear_test,0
linear+ls+rna,GA,0.2981801558260486,linear_train,1
linear+ls+rna,CT,0.45573955793960497,linear_train,1
linear+ls+rna,TG,0.6246637238904005,linear_train,1
linear+ls+rna,CG,0.2788563936365309,linear_train,1
linear+ls+rna,TA,0.5235256864824716,linear_train,1
linear+ls+rna,TC,0.38431488259571533,linear_train,1
linear+ls+rna,AG,0.31329764171978325,linear_train,1
linear+ls+rna,AT,0.5761752975892884,linear_train,1
linear+ls+rna,CA,0.28219008042337557,linear_train,1
linear+ls+rna,GC,0.3028833143249885,linear_train,1
linear+ls+rna,GT,0.11086872729112307,linear_train,1
linear+ls+rna,AC,0.5347145384804446,linear_train,1
linear+ls+rna,TA,0.49511023999648707,linear_test,1
linear+ls+rna,TC,0.3519435793540895,linear_test,1
linear+ls+rna,CA,0.27898198312859246,linear_test,1
linear+ls+rna,AC,0.5523492748554033,linear_test,1
linear+ls+rna,CG,0.3285275684042367,linear_test,1
linear+ls+rna,CT,0.3938774228939319,linear_test,1
linear+ls+rna,GA,0.3827421233249084,linear_test,1
linear+ls+rna,AT,0.4689850219324315,linear_test,1
linear+ls+rna,TG,0.5370207868626471,linear_test,1
linear+ls+rna,AG,0.28857459159219345,linear_test,1
linear+ls+rna,GT,0.24484440990898038,linear_test,1
linear+ls+rna,GC,0.260460922826548,linear_test,1
linear+ls+rna,GA,0.3298924019062881,linear_train,2
linear+ls+rna,CT,0.4478974671604181,linear_train,2
linear+ls+rna,TA,0.53048491084075,linear_train,2
linear+ls+rna,TC,0.3753264952886052,linear_train,2
linear+ls+rna,TG,0.6210991404045173,linear_train,2
linear+ls+rna,CA,0.2744329861052651,linear_train,2
linear+ls+rna,CG,0.2883097392627725,linear_train,2
linear+ls+rna,AG,0.31541831897657213,linear_train,2
linear+ls+rna,AC,0.5489932149743351,linear_train,2
linear+ls+rna,GC,0.2710411878512513,linear_train,2
linear+ls+rna,GT,0.17991728776840565,linear_train,2
linear+ls+rna,AT,0.5763094246468475,linear_train,2
linear+ls+rna,TA,0.4677717803678132,linear_test,2
linear+ls+rna,CT,0.4142799201043812,linear_test,2
linear+ls+rna,AT,0.46633202318869615,linear_test,2
linear+ls+rna,CG,0.27190564462616473,linear_test,2
linear+ls+rna,TC,0.3832218607689589,linear_test,2
linear+ls+rna,AC,0.4940802440328518,linear_test,2
linear+ls+rna,AG,0.2860810635746288,linear_test,2
linear+ls+rna,GA,0.27012064388107915,linear_test,2
linear+ls+rna,CA,0.342234396162163,linear_test,2
linear+ls+rna,TG,0.5648298545735349,linear_test,2
linear+ls+rna,GC,0.4039384234061766,linear_test,2
linear+ls+rna,GT,-0.024924279697626783,linear_test,2
linear+ls+rna,GA,0.3008296671610101,linear_train,3
linear+ls+rna,CT,0.43730725425150285,linear_train,3
linear+ls+rna,TA,0.5306221802905796,linear_train,3
linear+ls+rna,TG,0.6165211856805355,linear_train,3
linear+ls+rna,CA,0.2684385942091907,linear_train,3
linear+ls+rna,TC,0.36658384151815004,linear_train,3
linear+ls+rna,AG,0.3026304687467053,linear_train,3
linear+ls+rna,AC,0.5446355017302749,linear_train,3
linear+ls+rna,CG,0.2767847047570694,linear_train,3
linear+ls+rna,GC,0.268187698597791,linear_train,3
linear+ls+rna,GT,0.18131490326738864,linear_train,3
linear+ls+rna,AT,0.5534442425436652,linear_train,3
linear+ls+rna,TC,0.41968703468464275,linear_test,3
linear+ls+rna,CG,0.3053322164264527,linear_test,3
linear+ls+rna,CT,0.4542555709472723,linear_test,3
linear+ls+rna,AT,0.574454592884452,linear_test,3
linear+ls+rna,TG,0.5798306037361823,linear_test,3
linear+ls+rna,TA,0.4694918487804416,linear_test,3
linear+ls+rna,GA,0.37573737974290045,linear_test,3
linear+ls+rna,CA,0.36206814372068585,linear_test,3
linear+ls+rna,AC,0.5131525144203295,linear_test,3
linear+ls+rna,AG,0.3282421187894473,linear_test,3
linear+ls+rna,GC,0.4074959272615005,linear_test,3
linear+ls+rna,GT,-0.04005898234747152,linear_test,3
linear+ls+rna,CT,0.4477488914066624,linear_train,4
linear+ls+rna,TA,0.5203376299257814,linear_train,4
linear+ls+rna,TC,0.37668866014887725,linear_train,4
linear+ls+rna,TG,0.6172909057444298,linear_train,4
linear+ls+rna,CA,0.2786887108803866,linear_train,4
linear+ls+rna,CG,0.3101464260349448,linear_train,4
linear+ls+rna,GA,0.3217362016998321,linear_train,4
linear+ls+rna,AG,0.3118614827723545,linear_train,4
linear+ls+rna,AT,0.5494052453960032,linear_train,4
linear+ls+rna,GC,0.36306387549133967,linear_train,4
linear+ls+rna,AC,0.5344353519345474,linear_train,4
linear+ls+rna,GT,0.14766154414190324,linear_train,4
linear+ls+rna,GA,0.2861652589695116,linear_test,4
linear+ls+rna,TA,0.5047702267598447,linear_test,4
linear+ls+rna,AC,0.5543403143447403,linear_test,4
linear+ls+rna,CA,0.32457974350767715,linear_test,4
linear+ls+rna,TC,0.37935183657042026,linear_test,4
linear+ls+rna,CG,0.18036517706387822,linear_test,4
linear+ls+rna,GT,0.07719463763565804,linear_test,4
linear+ls+rna,AT,0.5883481941045203,linear_test,4
linear+ls+rna,CT,0.42163272589023615,linear_test,4
linear+ls+rna,TG,0.5802287032947462,linear_test,4
linear+ls+rna,AG,0.29090742435000916,linear_test,4
linear+ls+rna,GC,-0.3009548419700594,linear_test,4
linear+ls+rna,GA,0.3263484270730236,linear_train,5
linear+ls+rna,CT,0.4559879446787036,linear_train,5
linear+ls+rna,TC,0.387785897157796,linear_train,5
linear+ls+rna,CA,0.26294491649683793,linear_train,5
linear+ls+rna,TA,0.5118059130056244,linear_train,5
linear+ls+rna,TG,0.6031807948074583,linear_train,5
linear+ls+rna,AC,0.5288887130147679,linear_train,5
linear+ls+rna,AG,0.32015382234836764,linear_train,5
linear+ls+rna,AT,0.5653075692659093,linear_train,5
linear+ls+rna,CG,0.2882340107960558,linear_train,5
linear+ls+rna,GC,0.2943539399749091,linear_train,5
linear+ls+rna,GT,0.16380565196792884,linear_train,5
linear+ls+rna,TA,0.5448371456460372,linear_test,5
linear+ls+rna,TG,0.6377982719855062,linear_test,5
linear+ls+rna,CG,0.24384581319325738,linear_test,5
linear+ls+rna,TC,0.3308830597116885,linear_test,5
linear+ls+rna,CT,0.3748275734504417,linear_test,5
linear+ls+rna,AG,0.2647570650758424,linear_test,5
linear+ls+rna,AC,0.5808589201165834,linear_test,5
linear+ls+rna,GA,0.262857539545474,linear_test,5
linear+ls+rna,CA,0.3871825708688915,linear_test,5
linear+ls+rna,AT,0.5178063930885284,linear_test,5
linear+ls+rna,GC,0.261576293763467,linear_test,5
linear+ls+rna,GT,-0.020152560472701975,linear_test,5
linear+ls+rna,GA,0.3556313928658912,linear_train,6
linear+ls+rna,CT,0.4596641961054603,linear_train,6
linear+ls+rna,TC,0.38808014682135983,linear_train,6
linear+ls+rna,CA,0.31123529585470444,linear_train,6
linear+ls+rna,CG,0.270784971314214,linear_train,6
linear+ls+rna,TA,0.5078229357887862,linear_train,6
linear+ls+rna,TG,0.6053925757318492,linear_train,6
linear+ls+rna,AG,0.3170096795942403,linear_train,6
linear+ls+rna,AT,0.5596459183871929,linear_train,6
linear+ls+rna,GC,0.3254548268858659,linear_train,6
linear+ls+rna,GT,0.1600355067431457,linear_train,6
linear+ls+rna,AC,0.5412800561087108,linear_train,6
linear+ls+rna,TA,0.5560364450251001,linear_test,6
linear+ls+rna,TG,0.6246417918283924,linear_test,6
linear+ls+rna,TC,0.3359416562279436,linear_test,6
linear+ls+rna,AC,0.52388861819334,linear_test,6
linear+ls+rna,CG,0.3250971812106459,linear_test,6
linear+ls+rna,AT,0.5424141574910407,linear_test,6
linear+ls+rna,CA,0.2057434946590534,linear_test,6
linear+ls+rna,GA,0.20655068886906802,linear_test,6
linear+ls+rna,AG,0.2778998302937318,linear_test,6
linear+ls+rna,CT,0.37384089658837183,linear_test,6
linear+ls+rna,GC,0.16104498983604132,linear_test,6
linear+ls+rna,GT,0.06091244013085506,linear_test,6
linear+ls+rna,GA,0.3130502536828246,linear_train,7
linear+ls+rna,CT,0.44412635621195873,linear_train,7
linear+ls+rna,TA,0.5090774303181729,linear_train,7
linear+ls+rna,TC,0.3773663674546691,linear_train,7
linear+ls+rna,TG,0.6147754831056249,linear_train,7
linear+ls+rna,CA,0.3099540415390588,linear_train,7
linear+ls+rna,CG,0.2873117486372394,linear_train,7
linear+ls+rna,AG,0.31450803578415465,linear_train,7
linear+ls+rna,AC,0.5318085835347599,linear_train,7
linear+ls+rna,AT,0.5679319119763584,linear_train,7
linear+ls+rna,GC,0.323757704044237,linear_train,7
linear+ls+rna,GT,0.15375133030957788,linear_train,7
linear+ls+rna,CT,0.4346094242986168,linear_test,7
linear+ls+rna,TC,0.37203214933296247,linear_test,7
linear+ls+rna,AG,0.2835023845996697,linear_test,7
linear+ls+rna,GA,0.33324729689229504,linear_test,7
linear+ls+rna,TG,0.586114116980452,linear_test,7
linear+ls+rna,GT,0.01314444098296419,linear_test,7
linear+ls+rna,CG,0.29834203607662024,linear_test,7
linear+ls+rna,CA,0.21918457751879172,linear_test,7
linear+ls+rna,AT,0.5156406050592887,linear_test,7
linear+ls+rna,TA,0.5519383201059157,linear_test,7
linear+ls+rna,GC,0.0938007632295057,linear_test,7
linear+ls+rna,AC,0.5578213099698983,linear_test,7
linear+ls+rna,GA,0.3343966699988198,linear_train,8
linear+ls+rna,CT,0.4341005060735805,linear_train,8
linear+ls+rna,TA,0.5195079023329244,linear_train,8
linear+ls+rna,TC,0.36794114293903535,linear_train,8
linear+ls+rna,CA,0.3282192867816002,linear_train,8
linear+ls+rna,CG,0.254266899131516,linear_train,8
linear+ls+rna,TG,0.6007349936041497,linear_train,8
linear+ls+rna,AG,0.3052808317080581,linear_train,8
linear+ls+rna,GC,0.2983446840833385,linear_train,8
linear+ls+rna,AT,0.5530101448673792,linear_train,8
linear+ls+rna,AC,0.5322108177264175,linear_train,8
linear+ls+rna,GT,0.14223942442514892,linear_train,8
linear+ls+rna,TG,0.6426583440952613,linear_test,8
linear+ls+rna,TC,0.4111897872143834,linear_test,8
linear+ls+rna,TA,0.5121321015481941,linear_test,8
linear+ls+rna,AC,0.5638777022608377,linear_test,8
linear+ls+rna,AT,0.5762054172415283,linear_test,8
linear+ls+rna,CT,0.4759505736762123,linear_test,8
linear+ls+rna,AG,0.3223511704565233,linear_test,8
linear+ls+rna,GA,0.21969784038807127,linear_test,8
linear+ls+rna,GT,0.11656305815137757,linear_test,8
linear+ls+rna,CA,0.12178603286148182,linear_test,8
linear+ls+rna,CG,0.40524927745657857,linear_test,8
linear+ls+rna,GC,0.2302291130088756,linear_test,8
linear+ls+rna,CT,0.43790427573778024,linear_train,9
linear+ls+rna,TA,0.5175041326696743,linear_train,9
linear+ls+rna,TG,0.6057563796425713,linear_train,9
linear+ls+rna,CG,0.30411042771385766,linear_train,9
linear+ls+rna,TC,0.39184572987772903,linear_train,9
linear+ls+rna,AG,0.31380602338368313,linear_train,9
linear+ls+rna,AT,0.5705872219455959,linear_train,9
linear+ls+rna,CA,0.32904131986122565,linear_train,9
linear+ls+rna,GA,0.29432896562258826,linear_train,9
linear+ls+rna,GC,0.26251742845359916,linear_train,9
linear+ls+rna,GT,0.1785856424949286,linear_train,9
linear+ls+rna,AC,0.5406183878194086,linear_train,9
linear+ls+rna,GA,0.42751503465262464,linear_test,9
linear+ls+rna,TC,0.31844067144310617,linear_test,9
linear+ls+rna,CA,0.11398258223532576,linear_test,9
linear+ls+rna,TG,0.6259699783133359,linear_test,9
linear+ls+rna,AC,0.5317681819757603,linear_test,9
linear+ls+rna,CT,0.46184565691247537,linear_test,9
linear+ls+rna,AT,0.4904889754561613,linear_test,9
linear+ls+rna,AG,0.2893356260661736,linear_test,9
linear+ls+rna,TA,0.5202493576672305,linear_test,9
linear+ls+rna,CG,0.15514093984691824,linear_test,9
linear+ls+rna,GT,-0.27273821293596967,linear_test,9
linear+ls+rna,GC,0.34150697561778975,linear_test,9
